{"cameraMode":{"drawMode":0,"name":"Shaded","section":"Shading Mode"},"sceneLighting":true,"audioPlay":false,"sceneViewState":{"showFog":true,"showMaterialUpdate":false,"showSkybox":false,"showFlares":true,"showImageEffects":true,"showParticleSystems":true,"showVisualEffectGraphs":true,"m_FxEnabled":true},"in2DMode":false,"pivot":{"x":4.721645832061768,"y":5.841724872589111,"z":-21.845979690551759},"rotation":{"x":0.005365035030990839,"y":-0.11077499389648438,"z":0.0005984905292280018,"w":0.9938567876815796},"size":12.198234558105469,"orthographic":false}